face_2.jpg,4,7
face_3.jpg,4,9
face_4.jpg,5,9
face_5.jpg,1,5
face_6.jpg,3,9
face_7.jpg,7,8
face_8.jpg,8,6
face_9.jpg,2,4
face_10.jpg,4,8
face_11.jpg,7,5
face_12.jpg,2,2
face_13.jpg,8,4
face_14.jpg,8,8
face_15.jpg,1,1
face_16.jpg,2,7
face_17.jpg,2,9
face_18.jpg,3,9
face_19.jpg,1,7
face_20.jpg,1,9
face_21.jpg,3,3
face_22.jpg,8,4
face_23.jpg,1,8
face_24.jpg,7,3
face_25.jpg,6,9
face_26.jpg,6,2
face_27.jpg,6,9
face_28.jpg,7,5
face_29.jpg,1,2
face_30.jpg,6,7
face_31.jpg,1,2
face_32.jpg,2,4
face_33.jpg,4,3
face_34.jpg,2,8
face_35.jpg,1,2
face_36.jpg,1,9
face_37.jpg,4,7
face_38.jpg,8,8
face_39.jpg,5,8
face_40.jpg,6,9
face_41.jpg,4,2
face_42.jpg,6,9
face_43.jpg,4,8
face_44.jpg,4,6
face_45.jpg,7,3
face_46.jpg,6,9
face_47.jpg,5,7
face_48.jpg,3,3
face_49.jpg,5,7
face_50.jpg,5,9
face_51.jpg,5,1
face_52.jpg,3,3
face_53.jpg,7,2
face_54.jpg,7,2
face_55.jpg,7,9
face_56.jpg,5,3
face_57.jpg,5,7
face_58.jpg,3,9
face_59.jpg,8,3
face_60.jpg,1,8
face_61.jpg,1,4
face_62.jpg,5,4
face_63.jpg,4,7
face_64.jpg,7,7
face_65.jpg,4,2
face_66.jpg,1,4
face_67.jpg,6,5
face_68.jpg,3,8
face_69.jpg,1,4
face_70.jpg,6,7
face_71.jpg,2,4
face_72.jpg,3,9
face_73.jpg,4,7
face_74.jpg,4,8
face_75.jpg,5,9
face_76.jpg,7,8
face_77.jpg,1,2
face_78.jpg,6,4
face_79.jpg,1,8
face_80.jpg,5,4
face_81.jpg,8,9
face_82.jpg,1,7
face_83.jpg,8,7
face_84.jpg,4,9
face_85.jpg,6,7
face_86.jpg,4,2
face_87.jpg,6,9
face_88.jpg,3,3
face_89.jpg,6,9
face_90.jpg,7,9
face_91.jpg,6,7
face_92.jpg,6,9
face_93.jpg,4,8
face_94.jpg,4,5
face_95.jpg,5,4
face_96.jpg,4,7
face_97.jpg,3,6
face_98.jpg,1,8
face_99.jpg,1,9
face_100.jpg,6,7
face_101.jpg,4,2
face_801.jpg,6,1
face_802.jpg,6,1
face_803.jpg,1,4
face_804.jpg,4,7
face_805.jpg,3,5
face_806.jpg,3,3
face_807.jpg,4,9
face_808.jpg,4,9
face_809.jpg,4,4
face_810.jpg,5,1
face_811.jpg,8,6
face_812.jpg,7,2
face_813.jpg,7,9
face_814.jpg,6,8
face_815.jpg,8,3
face_816.jpg,5,9
face_817.jpg,2,6
face_818.jpg,5,5
face_819.jpg,3,8
face_820.jpg,3,3
face_821.jpg,1,2
face_822.jpg,7,4
face_823.jpg,3,9
face_824.jpg,8,10
face_825.jpg,7,9
face_826.jpg,4,5
face_827.jpg,6,1
face_828.jpg,3,3
face_829.jpg,6,9
face_830.jpg,4,3
face_831.jpg,7,1
face_832.jpg,5,8
face_833.jpg,6,7
face_834.jpg,3,2
face_835.jpg,8,10
face_836.jpg,3,3
face_837.jpg,1,3
face_838.jpg,8,6
face_839.jpg,2,8
face_840.jpg,5,5
face_841.jpg,5,1
face_842.jpg,7,4
face_843.jpg,5,4
face_844.jpg,7,9
face_845.jpg,1,4
face_846.jpg,3,4
face_847.jpg,3,3
face_848.jpg,3,3
face_849.jpg,3,9
face_850.jpg,8,9
face_851.jpg,1,7
face_852.jpg,4,7
face_853.jpg,4,9
face_854.jpg,7,2
face_855.jpg,7,10
face_856.jpg,7,9
face_857.jpg,5,4
face_858.jpg,3,9
face_859.jpg,2,6
face_860.jpg,2,6
face_861.jpg,5,3
face_862.jpg,3,8
face_863.jpg,8,1
face_864.jpg,3,9
face_866.jpg,7,8
face_867.jpg,7,9
face_868.jpg,1,3
face_869.jpg,8,7
face_870.jpg,6,5
face_871.jpg,1,4
face_872.jpg,5,1
face_873.jpg,7,9
face_874.jpg,3,7
face_875.jpg,8,4
face_876.jpg,5,4
face_877.jpg,6,8
face_878.jpg,1,2
face_879.jpg,8,4
face_880.jpg,3,8
face_881.jpg,3,9
face_882.jpg,3,3
face_883.jpg,1,3
face_884.jpg,7,10
face_885.jpg,4,1
face_886.jpg,2,8
face_887.jpg,4,5
face_888.jpg,8,3
face_889.jpg,5,10
face_890.jpg,3,4
face_891.jpg,1,1
face_892.jpg,3,6
face_893.jpg,1,4
face_894.jpg,4,4
face_895.jpg,3,5
face_896.jpg,5,8
face_897.jpg,2,6
face_898.jpg,5,1
face_899.jpg,2,3
face_900.jpg,3,9